tag,expanded_text,Feedback
1,"Elliot, your manager sees you as a consistent and effective team member who manages his workload well. However, they've noticed you haven't proactively sought help to improve your results, which is holding you back from being a ""rising star."" To address this, Elliot should: 1) Identify specific areas for improvement in his work. 2) Schedule a meeting with his manager to discuss these areas and ask for guidance or resources. 3) Proactively seek feedback from peers or mentors on how to enhance his contributions. 4) Take initiative on a new project or responsibility that aligns with his growth goals.","Elliot is fairly effective at managing his workload. He has been a consistent team member. Though, he has not sought help to achieve better results. He needs initiative to become one of our rising stars."
2,"Chelsea, this feedback highlights her exceptional work quality, consistent exceeding of expectations, and proactive approach to learning and self-improvement. It implies she is a top performer with significant growth potential, likely on a strong trajectory for advancement. To respond, Chelsea should continue her high-quality work, proactively seek new learning opportunities, and discuss potential growth paths with her manager.","Chelsea is an absolutely amazing worker. She always produces the highest quality work that exceeds our expectations. Not only that, she constantly seeks to learn and improve her self to produce better work. Not only is she extremely competent, she has the potential to produce even higher quality work as she progresses"
3,"Dean, your manager sees you as a highly effective, punctual, and collaborative team member who consistently delivers excellent marketing content. The primary area for growth is to proactively initiate new ideas and projects rather than waiting for direction. To address this, Dean should brainstorm and propose at least two new marketing content ideas, volunteer to lead a small, innovative project, and schedule a meeting with his manager to discuss opportunities for taking more initiative.","Dean is overall a very effective worker. He is very punctual; he always shows up to work on time and gets his work done in the time allotted. The marketing content he produces for our organization is appealing and spot on for our target audience. He is a great team player and knows how to collaborate with his team and not step on any toes. One area that needs work is that he is not a risk taker and rarely initiates new ideas and projects of his own, but rather waits to be told what to do."
4,"Noah's manager values his dedication, high-quality work, and willingness to take on assignments, seeing him as a strong candidate for a manager role. However, his ""abrasive"" communication style is noted as a barrier to reaching a director level. To address this, Noah should seek feedback on specific instances of abrasive communication, practice active listening and empathetic responses, and consider communication workshops or coaching to refine his interpersonal skills.","Noah is a really key member to have on our team and I am grateful for all the ways in which he steps up to deliver high quality work for our clients. For example, he's always the first to volunteer for assignments. He's always the last one to leave the office, since he's so committed to reviewing reports and double checking his work in a painstaking way. I can certainly see Noah's dedication as an asset in a manager role in the future. However, I don't see him reaching the director level since he is somewhat abrasive in his communication skills."
5,"Dean, your manager recognizes your significant contributions and high task completion rate this quarter, which is commendable. However, the feedback indicates a need for growth in handling complex tasks and performing under pressure. This suggests that while you excel at individual contributions, there's an opportunity to develop your capacity for more challenging, high-stakes assignments. To address this, Dean should proactively seek opportunities to shadow colleagues on complex tasks, practice stress management techniques, and communicate openly with his manager about his development goals and willingness to take on new challenges.","Dean has contributed heavily to the project in the past quarter. He has led the team charts in task completion. However, he has struggled with taking up responsibilities to deliver complex tasks. He also does not handle high pressure situations well."
6,"Clay's feedback indicates that while his performance is currently ""okay,"" there's significant untapped potential. The note suggests Clay is highly capable, often achieving top performance when actively engaged in a competitive environment alongside peers. However, his motivation and output seem to dip when this external stimulus is absent, leading to perceptions of being ""unmotivated and lazy."" This implies Clay's standing is good, but there's an opportunity for growth in consistent, self-driven performance. To address this, Clay should: (1) identify intrinsic motivators for consistent high performance, (2) proactively seek out or create competitive challenges even when not explicitly present, and (3) discuss with his manager how to leverage his competitive drive for sustained excellence.","Clay's performance is ok, but the potential is there to do much better. He seems a bit unmotivaed and lazy at times, but when the other workers get going, he normally performs in the top earning position. He does not do this all the time though. Only when other workers are around and when they get going. It's almost like Clay likes to compete, but only when others are activley competing too. Otherwise, he is not a very good performer."
7,"Logan's performance is satisfactory, but there's an opportunity for him to excel further. His willingness to tackle challenging customer accounts is highly valued and a significant asset. While his current sales numbers are acceptable, the feedback suggests that increased effort could unlock his moderate potential for growth within the company. To address this, Logan should identify specific areas where he can apply more effort, perhaps by proactively seeking additional sales opportunities or refining his approach with existing clients. He could also discuss with his manager what ""more effort"" looks like in concrete terms and set measurable goals to demonstrate his commitment to improvement.","Logan is a normal employee, his performance are not bad but not excellent. He is doing some sales and his number show us that he is not bad, He is always willing to take the hardest customers to deal with, and that is why we appreciate him. He have a moderate potential in our enterprise because he is not putting as much effort as we want him too. Overall he's not bad but could be better."
8,"Kallie, your current performance is noted as significantly below expectations, with concerns about missed deadlines and low-quality output. However, your exceptional dedication to self-improvement, positive response to feedback, and proactive learning are highly valued. This indicates a strong potential for future growth, and the team believes Kallie will improve significantly with more experience. To address this, Kallie should prioritize meeting all deadlines, meticulously review work for quality before submission, and continue to proactively seek and apply feedback to improve her skills and output.","Kallie right now is in an interesting position. She is performing really poorly, not meeting deadlines, and generally produces low quality work. However, she has given an incredible amount of effort into improving herself and learning from her mistakes. She always responds well to feed back and proactively seeks to improve herself. Although she is isn;t doing well now, she will definitely improve with experience."
9,"George, this feedback indicates a perception that he struggles with timely completion and requires frequent oversight, despite the high quality of his eventual output. This suggests that while his intelligence and potential are recognized, his current work habits are hindering his standing and growth. To address this, George should proactively communicate his progress on tasks, set realistic deadlines for himself and adhere to them, and explore internal career paths that might better align with his ambitions and ignite his motivation.",George does not complete work on time and needs to be constantly supervised. He does show high potential due to the work he does eventually submit. George is very intelligent but some incentive should be made to get him to realize his potential. George could probably choose a different career path within the company to ignite his ambition. George might seem lazy sometimes but shows high potential of being a great contributor.
10,"Bailey, your manager notes significant inconsistency in your daily output, ranging from excellent to poor, and views your interpersonal skills as average. This suggests your overall performance is not meeting expectations, potentially jeopardizing your standing. To address this, Bailey should: 1) Track daily output to identify patterns and causes of inconsistency. 2) Seek feedback on specific areas for improvement in both production and interpersonal skills. 3) Propose a plan to manager for consistent performance and skill development.","Bailey Hunter's daily production oscillates from poor to excellent from day-to day. One day Bailey will competently produce a 50-page brief and the next day will struggle to complete five transmittal letters. Her interpersonal skills are unexceptional, neither good nor bad. On balance, I don't believe she is long for this job."
11,"Jay, this feedback indicates a need to improve punctuality, reliability, and accuracy. It suggests that Jay's current performance is impacting his standing and growth opportunities. To address these concerns, Jay should: (1) arrive on time consistently, (2) proactively communicate any potential deadline issues, (3) double-check all assignments for accuracy, and (4) seek clarification on expectations if needed.",Jay frequently shows up late to the office and misses deadlines that have been set for his assignments. Unfortunately each assignment I've received from him to date has been subpar since they frequently have math errors.
12,"Natasha, this feedback indicates you are a highly valued, top-performing individual contributor. Your work quality and reliability are excellent. However, the company doesn't currently see you advancing, suggesting there are unstated reasons impacting your growth trajectory. To understand and address these, Natasha should proactively schedule a meeting with her manager to discuss specific growth blockers, seek actionable feedback, and collaboratively develop a plan for future advancement opportunities.","Natasha has proven to be an effective worker. She consistently creates excellent work on time. Her performance within the company is very strong. However, we do not see her currently moving forward within the company at this time due to a number of issues that be discussed if requested."
13,"Kohen, this feedback indicates a perception of incompetence and a lack of potential in your work. It also highlights concerns about punctuality and personal hygiene, which are noted as violating company guidelines. This implies a significant risk to Kohen's standing, with a strong suggestion of termination. To respond, Kohen should immediately address the hygiene issue, review company guidelines on punctuality and conduct, and proactively seek a meeting with their manager to understand specific performance gaps and discuss a plan for improvement.",Kohen Norris has been for a lack of better words incompetent. I would like to say more positive things about him but he has not shown any potential in regards to his work. He often is late and smells poorly despite our company guidelines. I feel it is in our best interest to drop him from the company.
14,"Thaddeus, this feedback indicates you are a valued, talented team member, but your focus sometimes wavers, preventing you from utilizing your full potential (80% of abilities). To grow, you need to address weaknesses and leverage strengths to become a more consistent, primary contributor to team objectives, which is key for career advancement. Thaddeus should now identify specific areas where focus is lacking, seek opportunities to apply his strengths more consistently, and proactively communicate his commitment to maximizing his contributions.","Thaddeus is a talented resource though he is not focused many of the times. He is able to contribute up to 80% of his abilities & skill set. Would like him to work on his weaknesses & multiply strength areas in order to become a better contributor. He is a vital member of the team for this project. However, would like him to become a main asset in fulfilling team objectives on regular occasions to climb up the ladder in hierarchy."
15,"Emilie, this feedback highlights her exceptional performance, particularly in sales, where she significantly exceeded targets and contributed to team success. This indicates strong standing and potential for continued growth, as evidenced by her promotion to Hot Desk Team Leader. To respond, Emilie should continue her high-performance trajectory, proactively engage with the challenges of her new leadership role, and seek opportunities to mentor others, embodying the ""inspiration"" she's been recognized as.","Emilie has quickly made her self an important asset here in the business and is quickly rising in the ranks. Having surpassed her sales target by 72% this month, massively contributing to the teams quarterly win in the Summer Sale Bonanza. We're pleased to announce that her appointment as the new hot desk team leader, ready to take on the more challenging queries we get. Emilie is an inspiration to us all, lets hope we can all follow in her footsteps!"
16,"Matthew, this feedback highlights your exceptional work quality and reliability, making you a valuable team member. However, it also suggests a perception that you may not be fully committed to long-term growth within the company, leading to a reluctance to invest further in your development. To address this, Matthew should proactively communicate his career aspirations within the company, seek out opportunities for internal advancement, and demonstrate a clear commitment to his future at the organization.","My friend and colleague, Matthew Reid, is a great addition to any team. His work is quite impressive, never late, and some of the finest on our division. However, with such a great work ethic that he fails to apply fully to reaching a higher position in this company, I believe he has his eyes on other ventures. I would love to recruit and keep Matthew in our company, but I can't trust that we won't pour resources into his success only for him to leave for a bigger company."
17,"Jay, your manager believes your current work quality doesn't reflect your full potential and skills. This feedback suggests a gap between perceived ability and actual output, potentially impacting your standing and growth opportunities. To address this, Jay should: 1) Schedule a meeting with the manager to understand specific areas of ""disappointing"" work. 2) Propose concrete ""work adjustments"" that could improve quality. 3) Reflect on and discuss ""attitude"" concerns, seeking clarification and demonstrating openness to change.","Jay Reid's level of work has been very disappointing given the kind of skills he possess. With the right attitude and possibly with a few work adjustments, his work quality could improve."
18,"George, your performance didn't meet expectations, but your manager recognizes your strong foundational skills and potential for significant growth. This feedback implies that while your current output needs improvement, you are seen as a valuable long-term asset with high advancement potential. To respond, George should: (1) Proactively seek clarification on specific areas for improvement, (2) Request opportunities to apply and develop his skills, (3) Set clear, measurable goals for his immediate contributions, and (4) Regularly check in with his manager on progress.","George didn't deliver as well as hoped. However, he displays a great deal of all skills necessary for growth. With time, George will prove to be an asset to the company. Given the opportunity, George has the ability to advance beyond his given skill set."
